{"cameraMode":{"drawMode":0,"name":"Shaded","section":"Shading Mode"},"sceneLighting":true,"audioPlay":false,"sceneViewState":{"m_AlwaysRefresh":false,"showFog":true,"showSkybox":true,"showFlares":true,"showImageEffects":true,"showParticleSystems":true,"showVisualEffectGraphs":true,"m_FxEnabled":true},"in2DMode":false,"pivot":{"x":8.652602195739746,"y":-16.176305770874025,"z":41.434776306152347},"rotation":{"x":0.12832006812095643,"y":-0.8594037890434265,"z":0.26303350925445559,"w":0.41927239298820498},"size":25.499855041503908,"orthographic":false}