{"cameraMode":{"drawMode":0,"name":"Shaded","section":"Shading Mode"},"sceneLighting":false,"audioPlay":false,"sceneViewState":{"m_AlwaysRefresh":false,"showFog":true,"showSkybox":false,"showFlares":true,"showImageEffects":true,"showParticleSystems":true,"showVisualEffectGraphs":true,"m_FxEnabled":true},"in2DMode":false,"pivot":{"x":0.000003777900928980671,"y":0.5180012583732605,"z":-0.00002519934787414968},"rotation":{"x":-0.2047012746334076,"y":0.7283179759979248,"z":-0.2460627406835556,"w":-0.6058970093727112},"size":0.0005173283279873431,"orthographic":false}